So_Thu_Tu,Ten_Su_Kien,Noi_Luu_File
1,Nha_Enter,processed_events\00001_Nha_Enter_keyboard.csv
2,Di_chuyen_chuot,processed_events\00002_Di_chuyen_chuot_mouse.csv
3,Nha_chuot_trai,processed_events\00003_Nha_chuot_trai_mouse.csv
4,Nhan_chuot_trai,processed_events\00004_Nhan_chuot_trai_mouse.csv
5,Nhan_Enter,processed_events\00005_Nhan_Enter_keyboard.csv
6,Nha_Enter,processed_events\00006_Nha_Enter_keyboard.csv
7,Nhan_phim_1,processed_events\00007_Nhan_phim_1_keyboard.csv
8,Nha_phim_1,processed_events\00008_Nha_phim_1_keyboard.csv
9,Nhan_phim_2,processed_events\00009_Nhan_phim_2_keyboard.csv
10,Nha_phim_2,processed_events\00010_Nha_phim_2_keyboard.csv
11,Nhan_phim_3,processed_events\00011_Nhan_phim_3_keyboard.csv
12,Nha_phim_3,processed_events\00012_Nha_phim_3_keyboard.csv
13,Nhan_Backspace,processed_events\00013_Nhan_Backspace_keyboard.csv
14,Nha_Backspace,processed_events\00014_Nha_Backspace_keyboard.csv
15,Nhan_Backspace,processed_events\00015_Nhan_Backspace_keyboard.csv
16,Nha_Backspace,processed_events\00016_Nha_Backspace_keyboard.csv
17,Nhan_Backspace,processed_events\00017_Nhan_Backspace_keyboard.csv
18,Nha_Backspace,processed_events\00018_Nha_Backspace_keyboard.csv
19,Nhan_Backspace,processed_events\00019_Nhan_Backspace_keyboard.csv
20,Nha_Backspace,processed_events\00020_Nha_Backspace_keyboard.csv
21,Di_chuyen_chuot,processed_events\00021_Di_chuyen_chuot_mouse.csv
22,Nha_chuot_trai,processed_events\00022_Nha_chuot_trai_mouse.csv
23,Nhan_chuot_trai,processed_events\00023_Nhan_chuot_trai_mouse.csv
24,Nhan_phim_2,processed_events\00024_Nhan_phim_2_keyboard.csv
25,Nha_phim_2,processed_events\00025_Nha_phim_2_keyboard.csv
26,Nhan_Enter,processed_events\00026_Nhan_Enter_keyboard.csv
27,Nha_Enter,processed_events\00027_Nha_Enter_keyboard.csv
28,Di_chuyen_chuot,processed_events\00028_Di_chuyen_chuot_mouse.csv
29,Nhan_chuot_trai,processed_events\00029_Nhan_chuot_trai_mouse.csv
30,Nha_chuot_trai,processed_events\00030_Nha_chuot_trai_mouse.csv
31,Di_chuyen_chuot,processed_events\00031_Di_chuyen_chuot_mouse.csv
32,Nha_chuot_trai,processed_events\00032_Nha_chuot_trai_mouse.csv
33,Nhan_chuot_trai,processed_events\00033_Nhan_chuot_trai_mouse.csv
34,Di_chuyen_chuot,processed_events\00034_Di_chuyen_chuot_mouse.csv
35,Cuon_chuot_len,processed_events\00035_Cuon_chuot_len_mouse.csv
36,Cuon_chuot_len,processed_events\00036_Cuon_chuot_len_mouse.csv
37,Cuon_chuot_len,processed_events\00037_Cuon_chuot_len_mouse.csv
38,Cuon_chuot_len,processed_events\00038_Cuon_chuot_len_mouse.csv
39,Cuon_chuot_len,processed_events\00039_Cuon_chuot_len_mouse.csv
40,Cuon_chuot_len,processed_events\00040_Cuon_chuot_len_mouse.csv
41,Cuon_chuot_len,processed_events\00041_Cuon_chuot_len_mouse.csv
42,Cuon_chuot_len,processed_events\00042_Cuon_chuot_len_mouse.csv
43,Cuon_chuot_len,processed_events\00043_Cuon_chuot_len_mouse.csv
44,Cuon_chuot_len,processed_events\00044_Cuon_chuot_len_mouse.csv
45,Cuon_chuot_len,processed_events\00045_Cuon_chuot_len_mouse.csv
46,Cuon_chuot_len,processed_events\00046_Cuon_chuot_len_mouse.csv
47,Cuon_chuot_len,processed_events\00047_Cuon_chuot_len_mouse.csv
48,Cuon_chuot_len,processed_events\00048_Cuon_chuot_len_mouse.csv
49,Cuon_chuot_len,processed_events\00049_Cuon_chuot_len_mouse.csv
50,Cuon_chuot_len,processed_events\00050_Cuon_chuot_len_mouse.csv
51,Cuon_chuot_len,processed_events\00051_Cuon_chuot_len_mouse.csv
52,Cuon_chuot_len,processed_events\00052_Cuon_chuot_len_mouse.csv
53,Cuon_chuot_len,processed_events\00053_Cuon_chuot_len_mouse.csv
54,Cuon_chuot_len,processed_events\00054_Cuon_chuot_len_mouse.csv
55,Cuon_chuot_len,processed_events\00055_Cuon_chuot_len_mouse.csv
56,Cuon_chuot_len,processed_events\00056_Cuon_chuot_len_mouse.csv
57,Cuon_chuot_len,processed_events\00057_Cuon_chuot_len_mouse.csv
58,Cuon_chuot_len,processed_events\00058_Cuon_chuot_len_mouse.csv
59,Cuon_chuot_len,processed_events\00059_Cuon_chuot_len_mouse.csv
60,Cuon_chuot_len,processed_events\00060_Cuon_chuot_len_mouse.csv
61,Cuon_chuot_len,processed_events\00061_Cuon_chuot_len_mouse.csv
62,Cuon_chuot_len,processed_events\00062_Cuon_chuot_len_mouse.csv
63,Cuon_chuot_len,processed_events\00063_Cuon_chuot_len_mouse.csv
64,Cuon_chuot_len,processed_events\00064_Cuon_chuot_len_mouse.csv
65,Cuon_chuot_len,processed_events\00065_Cuon_chuot_len_mouse.csv
66,Cuon_chuot_len,processed_events\00066_Cuon_chuot_len_mouse.csv
67,Cuon_chuot_len,processed_events\00067_Cuon_chuot_len_mouse.csv
68,Cuon_chuot_len,processed_events\00068_Cuon_chuot_len_mouse.csv
69,Cuon_chuot_len,processed_events\00069_Cuon_chuot_len_mouse.csv
70,Cuon_chuot_len,processed_events\00070_Cuon_chuot_len_mouse.csv
71,Cuon_chuot_len,processed_events\00071_Cuon_chuot_len_mouse.csv
72,Cuon_chuot_len,processed_events\00072_Cuon_chuot_len_mouse.csv
73,Cuon_chuot_len,processed_events\00073_Cuon_chuot_len_mouse.csv
74,Cuon_chuot_len,processed_events\00074_Cuon_chuot_len_mouse.csv
75,Cuon_chuot_len,processed_events\00075_Cuon_chuot_len_mouse.csv
76,Cuon_chuot_len,processed_events\00076_Cuon_chuot_len_mouse.csv
77,Cuon_chuot_len,processed_events\00077_Cuon_chuot_len_mouse.csv
78,Cuon_chuot_len,processed_events\00078_Cuon_chuot_len_mouse.csv
79,Cuon_chuot_len,processed_events\00079_Cuon_chuot_len_mouse.csv
80,Cuon_chuot_len,processed_events\00080_Cuon_chuot_len_mouse.csv
81,Cuon_chuot_len,processed_events\00081_Cuon_chuot_len_mouse.csv
82,Cuon_chuot_len,processed_events\00082_Cuon_chuot_len_mouse.csv
83,Cuon_chuot_len,processed_events\00083_Cuon_chuot_len_mouse.csv
84,Cuon_chuot_len,processed_events\00084_Cuon_chuot_len_mouse.csv
85,Cuon_chuot_len,processed_events\00085_Cuon_chuot_len_mouse.csv
86,Cuon_chuot_len,processed_events\00086_Cuon_chuot_len_mouse.csv
87,Cuon_chuot_len,processed_events\00087_Cuon_chuot_len_mouse.csv
88,Cuon_chuot_len,processed_events\00088_Cuon_chuot_len_mouse.csv
89,Cuon_chuot_len,processed_events\00089_Cuon_chuot_len_mouse.csv
90,Cuon_chuot_len,processed_events\00090_Cuon_chuot_len_mouse.csv
91,Cuon_chuot_len,processed_events\00091_Cuon_chuot_len_mouse.csv
92,Cuon_chuot_len,processed_events\00092_Cuon_chuot_len_mouse.csv
93,Cuon_chuot_len,processed_events\00093_Cuon_chuot_len_mouse.csv
94,Di_chuyen_chuot,processed_events\00094_Di_chuyen_chuot_mouse.csv
95,Nha_chuot_trai,processed_events\00095_Nha_chuot_trai_mouse.csv
96,Nhan_chuot_trai,processed_events\00096_Nhan_chuot_trai_mouse.csv
97,Di_chuyen_chuot,processed_events\00097_Di_chuyen_chuot_mouse.csv
98,Nha_chuot_trai,processed_events\00098_Nha_chuot_trai_mouse.csv
99,Nhan_chuot_trai,processed_events\00099_Nhan_chuot_trai_mouse.csv
100,Nhan_phim_C,processed_events\00100_Nhan_phim_C_keyboard.csv
101,Nha_phim_C,processed_events\00101_Nha_phim_C_keyboard.csv
102,Nhan_phim_O,processed_events\00102_Nhan_phim_O_keyboard.csv
103,Nha_phim_O,processed_events\00103_Nha_phim_O_keyboard.csv
104,Nhan_Space,processed_events\00104_Nhan_Space_keyboard.csv
105,Nha_Space,processed_events\00105_Nha_Space_keyboard.csv
106,Nhan_phim_C,processed_events\00106_Nhan_phim_C_keyboard.csv
107,Nha_phim_C,processed_events\00107_Nha_phim_C_keyboard.csv
108,Nhan_phim_O,processed_events\00108_Nhan_phim_O_keyboard.csv
109,Nha_phim_O,processed_events\00109_Nha_phim_O_keyboard.csv
110,Nhan_phim_N,processed_events\00110_Nhan_phim_N_keyboard.csv
111,Nha_phim_N,processed_events\00111_Nha_phim_N_keyboard.csv
112,Nhan_Space,processed_events\00112_Nhan_Space_keyboard.csv
113,Nha_Space,processed_events\00113_Nha_Space_keyboard.csv
114,Nhan_phim_C,processed_events\00114_Nhan_phim_C_keyboard.csv
115,Nhan_phim_A,processed_events\00115_Nhan_phim_A_keyboard.csv
116,Nha_phim_C,processed_events\00116_Nha_phim_C_keyboard.csv
117,Nha_phim_A,processed_events\00117_Nha_phim_A_keyboard.csv
118,Nhan_Space,processed_events\00118_Nhan_Space_keyboard.csv
119,Nha_Space,processed_events\00119_Nha_Space_keyboard.csv
120,Nhan_phim_T,processed_events\00120_Nhan_phim_T_keyboard.csv
121,Nha_phim_T,processed_events\00121_Nha_phim_T_keyboard.csv
122,Nhan_phim_O,processed_events\00122_Nhan_phim_O_keyboard.csv
123,Nha_phim_O,processed_events\00123_Nha_phim_O_keyboard.csv
124,Nhan_Backspace,processed_events\00124_Nhan_Backspace_keyboard.csv
125,Nha_Backspace,processed_events\00125_Nha_Backspace_keyboard.csv
126,Nhan_Backspace,processed_events\00126_Nhan_Backspace_keyboard.csv
127,Nha_Backspace,processed_events\00127_Nha_Backspace_keyboard.csv
128,Nhan_phim_B,processed_events\00128_Nhan_phim_B_keyboard.csv
129,Nha_phim_B,processed_events\00129_Nha_phim_B_keyboard.csv
130,Nhan_phim_E,processed_events\00130_Nhan_phim_E_keyboard.csv
131,Nha_phim_E,processed_events\00131_Nha_phim_E_keyboard.csv
132,Nhan_Enter,processed_events\00132_Nhan_Enter_keyboard.csv
133,Nha_Enter,processed_events\00133_Nha_Enter_keyboard.csv
134,Di_chuyen_chuot,processed_events\00134_Di_chuyen_chuot_mouse.csv
135,Nha_chuot_trai,processed_events\00135_Nha_chuot_trai_mouse.csv
136,Nhan_chuot_trai,processed_events\00136_Nhan_chuot_trai_mouse.csv
137,Nhan_phim_C,processed_events\00137_Nhan_phim_C_keyboard.csv
138,Nhan_phim_O,processed_events\00138_Nhan_phim_O_keyboard.csv
139,Nha_phim_C,processed_events\00139_Nha_phim_C_keyboard.csv
140,Nha_phim_O,processed_events\00140_Nha_phim_O_keyboard.csv
141,Nhan_Space,processed_events\00141_Nhan_Space_keyboard.csv
142,Nha_Space,processed_events\00142_Nha_Space_keyboard.csv
143,Nhan_phim_C,processed_events\00143_Nhan_phim_C_keyboard.csv
144,Nha_phim_C,processed_events\00144_Nha_phim_C_keyboard.csv
145,Nhan_phim_O,processed_events\00145_Nhan_phim_O_keyboard.csv
146,Nha_phim_O,processed_events\00146_Nha_phim_O_keyboard.csv
147,Nhan_phim_N,processed_events\00147_Nhan_phim_N_keyboard.csv
148,Nha_phim_N,processed_events\00148_Nha_phim_N_keyboard.csv
149,Nhan_Space,processed_events\00149_Nhan_Space_keyboard.csv
150,Nhan_phim_C,processed_events\00150_Nhan_phim_C_keyboard.csv
151,Nha_Space,processed_events\00151_Nha_Space_keyboard.csv
152,Nhan_phim_A,processed_events\00152_Nhan_phim_A_keyboard.csv
153,Nha_phim_C,processed_events\00153_Nha_phim_C_keyboard.csv
154,Nha_phim_A,processed_events\00154_Nha_phim_A_keyboard.csv
155,Nhan_Space,processed_events\00155_Nhan_Space_keyboard.csv
156,Nha_Space,processed_events\00156_Nha_Space_keyboard.csv
157,Nhan_phim_T,processed_events\00157_Nhan_phim_T_keyboard.csv
158,Nha_phim_T,processed_events\00158_Nha_phim_T_keyboard.csv
159,Nhan_phim_O,processed_events\00159_Nhan_phim_O_keyboard.csv
160,Nha_phim_O,processed_events\00160_Nha_phim_O_keyboard.csv
161,Nhan_Backspace,processed_events\00161_Nhan_Backspace_keyboard.csv
162,Nha_Backspace,processed_events\00162_Nha_Backspace_keyboard.csv
163,Nhan_Backspace,processed_events\00163_Nhan_Backspace_keyboard.csv
164,Nha_Backspace,processed_events\00164_Nha_Backspace_keyboard.csv
165,Nhan_phim_B,processed_events\00165_Nhan_phim_B_keyboard.csv
166,Nha_phim_B,processed_events\00166_Nha_phim_B_keyboard.csv
167,Nhan_phim_E,processed_events\00167_Nhan_phim_E_keyboard.csv
168,Nha_phim_E,processed_events\00168_Nha_phim_E_keyboard.csv
169,Nhan_Enter,processed_events\00169_Nhan_Enter_keyboard.csv
170,Nha_Enter,processed_events\00170_Nha_Enter_keyboard.csv
171,Di_chuyen_chuot,processed_events\00171_Di_chuyen_chuot_mouse.csv
172,Cuon_chuot_xuong,processed_events\00172_Cuon_chuot_xuong_mouse.csv
173,Cuon_chuot_xuong,processed_events\00173_Cuon_chuot_xuong_mouse.csv
174,Cuon_chuot_xuong,processed_events\00174_Cuon_chuot_xuong_mouse.csv
175,Cuon_chuot_xuong,processed_events\00175_Cuon_chuot_xuong_mouse.csv
176,Cuon_chuot_xuong,processed_events\00176_Cuon_chuot_xuong_mouse.csv
177,Cuon_chuot_xuong,processed_events\00177_Cuon_chuot_xuong_mouse.csv
178,Cuon_chuot_xuong,processed_events\00178_Cuon_chuot_xuong_mouse.csv
179,Cuon_chuot_xuong,processed_events\00179_Cuon_chuot_xuong_mouse.csv
180,Cuon_chuot_xuong,processed_events\00180_Cuon_chuot_xuong_mouse.csv
181,Cuon_chuot_xuong,processed_events\00181_Cuon_chuot_xuong_mouse.csv
182,Cuon_chuot_xuong,processed_events\00182_Cuon_chuot_xuong_mouse.csv
183,Cuon_chuot_xuong,processed_events\00183_Cuon_chuot_xuong_mouse.csv
184,Cuon_chuot_xuong,processed_events\00184_Cuon_chuot_xuong_mouse.csv
185,Cuon_chuot_xuong,processed_events\00185_Cuon_chuot_xuong_mouse.csv
186,Cuon_chuot_xuong,processed_events\00186_Cuon_chuot_xuong_mouse.csv
187,Cuon_chuot_xuong,processed_events\00187_Cuon_chuot_xuong_mouse.csv
188,Cuon_chuot_xuong,processed_events\00188_Cuon_chuot_xuong_mouse.csv
189,Cuon_chuot_xuong,processed_events\00189_Cuon_chuot_xuong_mouse.csv
190,Cuon_chuot_xuong,processed_events\00190_Cuon_chuot_xuong_mouse.csv
191,Cuon_chuot_xuong,processed_events\00191_Cuon_chuot_xuong_mouse.csv
192,Cuon_chuot_xuong,processed_events\00192_Cuon_chuot_xuong_mouse.csv
193,Cuon_chuot_xuong,processed_events\00193_Cuon_chuot_xuong_mouse.csv
194,Cuon_chuot_xuong,processed_events\00194_Cuon_chuot_xuong_mouse.csv
195,Cuon_chuot_xuong,processed_events\00195_Cuon_chuot_xuong_mouse.csv
196,Cuon_chuot_xuong,processed_events\00196_Cuon_chuot_xuong_mouse.csv
197,Cuon_chuot_xuong,processed_events\00197_Cuon_chuot_xuong_mouse.csv
198,Cuon_chuot_xuong,processed_events\00198_Cuon_chuot_xuong_mouse.csv
199,Cuon_chuot_xuong,processed_events\00199_Cuon_chuot_xuong_mouse.csv
200,Cuon_chuot_xuong,processed_events\00200_Cuon_chuot_xuong_mouse.csv
201,Cuon_chuot_xuong,processed_events\00201_Cuon_chuot_xuong_mouse.csv
202,Di_chuyen_chuot,processed_events\00202_Di_chuyen_chuot_mouse.csv
203,Cuon_chuot_xuong,processed_events\00203_Cuon_chuot_xuong_mouse.csv
204,Cuon_chuot_xuong,processed_events\00204_Cuon_chuot_xuong_mouse.csv
205,Cuon_chuot_xuong,processed_events\00205_Cuon_chuot_xuong_mouse.csv
206,Cuon_chuot_xuong,processed_events\00206_Cuon_chuot_xuong_mouse.csv
207,Cuon_chuot_xuong,processed_events\00207_Cuon_chuot_xuong_mouse.csv
208,Cuon_chuot_xuong,processed_events\00208_Cuon_chuot_xuong_mouse.csv
209,Cuon_chuot_xuong,processed_events\00209_Cuon_chuot_xuong_mouse.csv
210,Cuon_chuot_xuong,processed_events\00210_Cuon_chuot_xuong_mouse.csv
211,Cuon_chuot_xuong,processed_events\00211_Cuon_chuot_xuong_mouse.csv
212,Cuon_chuot_xuong,processed_events\00212_Cuon_chuot_xuong_mouse.csv
213,Cuon_chuot_xuong,processed_events\00213_Cuon_chuot_xuong_mouse.csv
214,Cuon_chuot_xuong,processed_events\00214_Cuon_chuot_xuong_mouse.csv
215,Cuon_chuot_xuong,processed_events\00215_Cuon_chuot_xuong_mouse.csv
216,Cuon_chuot_xuong,processed_events\00216_Cuon_chuot_xuong_mouse.csv
217,Cuon_chuot_xuong,processed_events\00217_Cuon_chuot_xuong_mouse.csv
218,Cuon_chuot_xuong,processed_events\00218_Cuon_chuot_xuong_mouse.csv
219,Cuon_chuot_xuong,processed_events\00219_Cuon_chuot_xuong_mouse.csv
220,Cuon_chuot_xuong,processed_events\00220_Cuon_chuot_xuong_mouse.csv
221,Cuon_chuot_xuong,processed_events\00221_Cuon_chuot_xuong_mouse.csv
222,Cuon_chuot_xuong,processed_events\00222_Cuon_chuot_xuong_mouse.csv
223,Nhan_Ctrl,processed_events\00223_Nhan_Ctrl_keyboard.csv
224,Cuon_chuot_xuong,processed_events\00224_Cuon_chuot_xuong_mouse.csv
225,Cuon_chuot_xuong,processed_events\00225_Cuon_chuot_xuong_mouse.csv
226,Cuon_chuot_xuong,processed_events\00226_Cuon_chuot_xuong_mouse.csv
227,Cuon_chuot_xuong,processed_events\00227_Cuon_chuot_xuong_mouse.csv
228,Cuon_chuot_xuong,processed_events\00228_Cuon_chuot_xuong_mouse.csv
229,Cuon_chuot_xuong,processed_events\00229_Cuon_chuot_xuong_mouse.csv
230,Cuon_chuot_xuong,processed_events\00230_Cuon_chuot_xuong_mouse.csv
231,Nha_Ctrl,processed_events\00231_Nha_Ctrl_keyboard.csv
232,Nhan_Ctrl,processed_events\00232_Nhan_Ctrl_keyboard.csv
233,Cuon_chuot_xuong,processed_events\00233_Cuon_chuot_xuong_mouse.csv
234,Cuon_chuot_xuong,processed_events\00234_Cuon_chuot_xuong_mouse.csv
235,Nha_Ctrl,processed_events\00235_Nha_Ctrl_keyboard.csv
236,Di_chuyen_chuot,processed_events\00236_Di_chuyen_chuot_mouse.csv
237,Cuon_chuot_len,processed_events\00237_Cuon_chuot_len_mouse.csv
238,Cuon_chuot_len,processed_events\00238_Cuon_chuot_len_mouse.csv
239,Cuon_chuot_len,processed_events\00239_Cuon_chuot_len_mouse.csv
240,Cuon_chuot_len,processed_events\00240_Cuon_chuot_len_mouse.csv
241,Cuon_chuot_len,processed_events\00241_Cuon_chuot_len_mouse.csv
242,Cuon_chuot_len,processed_events\00242_Cuon_chuot_len_mouse.csv
243,Cuon_chuot_len,processed_events\00243_Cuon_chuot_len_mouse.csv
244,Cuon_chuot_len,processed_events\00244_Cuon_chuot_len_mouse.csv
245,Cuon_chuot_len,processed_events\00245_Cuon_chuot_len_mouse.csv
246,Cuon_chuot_len,processed_events\00246_Cuon_chuot_len_mouse.csv
247,Cuon_chuot_len,processed_events\00247_Cuon_chuot_len_mouse.csv
248,Cuon_chuot_len,processed_events\00248_Cuon_chuot_len_mouse.csv
249,Cuon_chuot_len,processed_events\00249_Cuon_chuot_len_mouse.csv
250,Cuon_chuot_len,processed_events\00250_Cuon_chuot_len_mouse.csv
251,Cuon_chuot_len,processed_events\00251_Cuon_chuot_len_mouse.csv
252,Cuon_chuot_len,processed_events\00252_Cuon_chuot_len_mouse.csv
253,Cuon_chuot_len,processed_events\00253_Cuon_chuot_len_mouse.csv
254,Cuon_chuot_len,processed_events\00254_Cuon_chuot_len_mouse.csv
255,Cuon_chuot_len,processed_events\00255_Cuon_chuot_len_mouse.csv
256,Cuon_chuot_len,processed_events\00256_Cuon_chuot_len_mouse.csv
257,Cuon_chuot_len,processed_events\00257_Cuon_chuot_len_mouse.csv
258,Cuon_chuot_len,processed_events\00258_Cuon_chuot_len_mouse.csv
259,Cuon_chuot_len,processed_events\00259_Cuon_chuot_len_mouse.csv
260,Cuon_chuot_len,processed_events\00260_Cuon_chuot_len_mouse.csv
261,Cuon_chuot_len,processed_events\00261_Cuon_chuot_len_mouse.csv
262,Cuon_chuot_len,processed_events\00262_Cuon_chuot_len_mouse.csv
263,Cuon_chuot_len,processed_events\00263_Cuon_chuot_len_mouse.csv
264,Cuon_chuot_len,processed_events\00264_Cuon_chuot_len_mouse.csv
265,Cuon_chuot_len,processed_events\00265_Cuon_chuot_len_mouse.csv
266,Cuon_chuot_len,processed_events\00266_Cuon_chuot_len_mouse.csv
267,Cuon_chuot_len,processed_events\00267_Cuon_chuot_len_mouse.csv
268,Cuon_chuot_len,processed_events\00268_Cuon_chuot_len_mouse.csv
269,Cuon_chuot_len,processed_events\00269_Cuon_chuot_len_mouse.csv
270,Cuon_chuot_len,processed_events\00270_Cuon_chuot_len_mouse.csv
271,Cuon_chuot_len,processed_events\00271_Cuon_chuot_len_mouse.csv
272,Cuon_chuot_len,processed_events\00272_Cuon_chuot_len_mouse.csv
273,Cuon_chuot_len,processed_events\00273_Cuon_chuot_len_mouse.csv
274,Cuon_chuot_len,processed_events\00274_Cuon_chuot_len_mouse.csv
275,Cuon_chuot_len,processed_events\00275_Cuon_chuot_len_mouse.csv
276,Cuon_chuot_len,processed_events\00276_Cuon_chuot_len_mouse.csv
277,Cuon_chuot_len,processed_events\00277_Cuon_chuot_len_mouse.csv
278,Cuon_chuot_len,processed_events\00278_Cuon_chuot_len_mouse.csv
279,Cuon_chuot_len,processed_events\00279_Cuon_chuot_len_mouse.csv
280,Cuon_chuot_len,processed_events\00280_Cuon_chuot_len_mouse.csv
281,Cuon_chuot_len,processed_events\00281_Cuon_chuot_len_mouse.csv
282,Cuon_chuot_len,processed_events\00282_Cuon_chuot_len_mouse.csv
283,Cuon_chuot_len,processed_events\00283_Cuon_chuot_len_mouse.csv
284,Cuon_chuot_len,processed_events\00284_Cuon_chuot_len_mouse.csv
285,Cuon_chuot_len,processed_events\00285_Cuon_chuot_len_mouse.csv
286,Cuon_chuot_len,processed_events\00286_Cuon_chuot_len_mouse.csv
287,Cuon_chuot_len,processed_events\00287_Cuon_chuot_len_mouse.csv
288,Cuon_chuot_len,processed_events\00288_Cuon_chuot_len_mouse.csv
289,Cuon_chuot_len,processed_events\00289_Cuon_chuot_len_mouse.csv
290,Cuon_chuot_len,processed_events\00290_Cuon_chuot_len_mouse.csv
291,Cuon_chuot_len,processed_events\00291_Cuon_chuot_len_mouse.csv
292,Cuon_chuot_len,processed_events\00292_Cuon_chuot_len_mouse.csv
293,Cuon_chuot_len,processed_events\00293_Cuon_chuot_len_mouse.csv
294,Cuon_chuot_len,processed_events\00294_Cuon_chuot_len_mouse.csv
295,Cuon_chuot_len,processed_events\00295_Cuon_chuot_len_mouse.csv
296,Cuon_chuot_len,processed_events\00296_Cuon_chuot_len_mouse.csv
297,Cuon_chuot_len,processed_events\00297_Cuon_chuot_len_mouse.csv
298,Cuon_chuot_len,processed_events\00298_Cuon_chuot_len_mouse.csv
299,Cuon_chuot_len,processed_events\00299_Cuon_chuot_len_mouse.csv
300,Cuon_chuot_len,processed_events\00300_Cuon_chuot_len_mouse.csv
301,Cuon_chuot_len,processed_events\00301_Cuon_chuot_len_mouse.csv
302,Cuon_chuot_len,processed_events\00302_Cuon_chuot_len_mouse.csv
303,Cuon_chuot_len,processed_events\00303_Cuon_chuot_len_mouse.csv
304,Cuon_chuot_len,processed_events\00304_Cuon_chuot_len_mouse.csv
305,Cuon_chuot_len,processed_events\00305_Cuon_chuot_len_mouse.csv
306,Cuon_chuot_len,processed_events\00306_Cuon_chuot_len_mouse.csv
307,Cuon_chuot_len,processed_events\00307_Cuon_chuot_len_mouse.csv
308,Cuon_chuot_len,processed_events\00308_Cuon_chuot_len_mouse.csv
309,Cuon_chuot_len,processed_events\00309_Cuon_chuot_len_mouse.csv
310,Cuon_chuot_len,processed_events\00310_Cuon_chuot_len_mouse.csv
311,Cuon_chuot_len,processed_events\00311_Cuon_chuot_len_mouse.csv
312,Cuon_chuot_len,processed_events\00312_Cuon_chuot_len_mouse.csv
313,Cuon_chuot_len,processed_events\00313_Cuon_chuot_len_mouse.csv
314,Cuon_chuot_len,processed_events\00314_Cuon_chuot_len_mouse.csv
315,Cuon_chuot_len,processed_events\00315_Cuon_chuot_len_mouse.csv
316,Cuon_chuot_len,processed_events\00316_Cuon_chuot_len_mouse.csv
317,Cuon_chuot_len,processed_events\00317_Cuon_chuot_len_mouse.csv
318,Cuon_chuot_len,processed_events\00318_Cuon_chuot_len_mouse.csv
319,Cuon_chuot_len,processed_events\00319_Cuon_chuot_len_mouse.csv
320,Cuon_chuot_len,processed_events\00320_Cuon_chuot_len_mouse.csv
321,Cuon_chuot_len,processed_events\00321_Cuon_chuot_len_mouse.csv
322,Cuon_chuot_len,processed_events\00322_Cuon_chuot_len_mouse.csv
323,Cuon_chuot_len,processed_events\00323_Cuon_chuot_len_mouse.csv
324,Cuon_chuot_len,processed_events\00324_Cuon_chuot_len_mouse.csv
325,Cuon_chuot_len,processed_events\00325_Cuon_chuot_len_mouse.csv
326,Cuon_chuot_len,processed_events\00326_Cuon_chuot_len_mouse.csv
327,Cuon_chuot_len,processed_events\00327_Cuon_chuot_len_mouse.csv
328,Cuon_chuot_xuong,processed_events\00328_Cuon_chuot_xuong_mouse.csv
329,Cuon_chuot_xuong,processed_events\00329_Cuon_chuot_xuong_mouse.csv
330,Cuon_chuot_xuong,processed_events\00330_Cuon_chuot_xuong_mouse.csv
331,Cuon_chuot_xuong,processed_events\00331_Cuon_chuot_xuong_mouse.csv
332,Cuon_chuot_xuong,processed_events\00332_Cuon_chuot_xuong_mouse.csv
333,Cuon_chuot_xuong,processed_events\00333_Cuon_chuot_xuong_mouse.csv
334,Cuon_chuot_xuong,processed_events\00334_Cuon_chuot_xuong_mouse.csv
335,Cuon_chuot_xuong,processed_events\00335_Cuon_chuot_xuong_mouse.csv
336,Cuon_chuot_xuong,processed_events\00336_Cuon_chuot_xuong_mouse.csv
337,Cuon_chuot_xuong,processed_events\00337_Cuon_chuot_xuong_mouse.csv
338,Cuon_chuot_xuong,processed_events\00338_Cuon_chuot_xuong_mouse.csv
339,Cuon_chuot_xuong,processed_events\00339_Cuon_chuot_xuong_mouse.csv
340,Cuon_chuot_xuong,processed_events\00340_Cuon_chuot_xuong_mouse.csv
341,Cuon_chuot_xuong,processed_events\00341_Cuon_chuot_xuong_mouse.csv
342,Cuon_chuot_xuong,processed_events\00342_Cuon_chuot_xuong_mouse.csv
343,Cuon_chuot_xuong,processed_events\00343_Cuon_chuot_xuong_mouse.csv
344,Cuon_chuot_xuong,processed_events\00344_Cuon_chuot_xuong_mouse.csv
345,Cuon_chuot_xuong,processed_events\00345_Cuon_chuot_xuong_mouse.csv
346,Cuon_chuot_xuong,processed_events\00346_Cuon_chuot_xuong_mouse.csv
347,Cuon_chuot_xuong,processed_events\00347_Cuon_chuot_xuong_mouse.csv
348,Cuon_chuot_xuong,processed_events\00348_Cuon_chuot_xuong_mouse.csv
349,Cuon_chuot_xuong,processed_events\00349_Cuon_chuot_xuong_mouse.csv
350,Cuon_chuot_xuong,processed_events\00350_Cuon_chuot_xuong_mouse.csv
351,Cuon_chuot_xuong,processed_events\00351_Cuon_chuot_xuong_mouse.csv
352,Cuon_chuot_xuong,processed_events\00352_Cuon_chuot_xuong_mouse.csv
353,Cuon_chuot_xuong,processed_events\00353_Cuon_chuot_xuong_mouse.csv
354,Cuon_chuot_xuong,processed_events\00354_Cuon_chuot_xuong_mouse.csv
355,Cuon_chuot_xuong,processed_events\00355_Cuon_chuot_xuong_mouse.csv
356,Cuon_chuot_xuong,processed_events\00356_Cuon_chuot_xuong_mouse.csv
357,Cuon_chuot_xuong,processed_events\00357_Cuon_chuot_xuong_mouse.csv
358,Cuon_chuot_xuong,processed_events\00358_Cuon_chuot_xuong_mouse.csv
359,Cuon_chuot_xuong,processed_events\00359_Cuon_chuot_xuong_mouse.csv
360,Cuon_chuot_xuong,processed_events\00360_Cuon_chuot_xuong_mouse.csv
361,Cuon_chuot_xuong,processed_events\00361_Cuon_chuot_xuong_mouse.csv
362,Cuon_chuot_xuong,processed_events\00362_Cuon_chuot_xuong_mouse.csv
363,Cuon_chuot_xuong,processed_events\00363_Cuon_chuot_xuong_mouse.csv
364,Cuon_chuot_xuong,processed_events\00364_Cuon_chuot_xuong_mouse.csv
365,Cuon_chuot_xuong,processed_events\00365_Cuon_chuot_xuong_mouse.csv
366,Cuon_chuot_xuong,processed_events\00366_Cuon_chuot_xuong_mouse.csv
367,Cuon_chuot_xuong,processed_events\00367_Cuon_chuot_xuong_mouse.csv
368,Cuon_chuot_xuong,processed_events\00368_Cuon_chuot_xuong_mouse.csv
369,Cuon_chuot_xuong,processed_events\00369_Cuon_chuot_xuong_mouse.csv
370,Cuon_chuot_xuong,processed_events\00370_Cuon_chuot_xuong_mouse.csv
371,Cuon_chuot_xuong,processed_events\00371_Cuon_chuot_xuong_mouse.csv
372,Cuon_chuot_xuong,processed_events\00372_Cuon_chuot_xuong_mouse.csv
373,Cuon_chuot_xuong,processed_events\00373_Cuon_chuot_xuong_mouse.csv
374,Cuon_chuot_xuong,processed_events\00374_Cuon_chuot_xuong_mouse.csv
375,Cuon_chuot_xuong,processed_events\00375_Cuon_chuot_xuong_mouse.csv
376,Cuon_chuot_xuong,processed_events\00376_Cuon_chuot_xuong_mouse.csv
377,Cuon_chuot_xuong,processed_events\00377_Cuon_chuot_xuong_mouse.csv
378,Cuon_chuot_xuong,processed_events\00378_Cuon_chuot_xuong_mouse.csv
379,Cuon_chuot_xuong,processed_events\00379_Cuon_chuot_xuong_mouse.csv
380,Cuon_chuot_xuong,processed_events\00380_Cuon_chuot_xuong_mouse.csv
381,Cuon_chuot_xuong,processed_events\00381_Cuon_chuot_xuong_mouse.csv
382,Cuon_chuot_xuong,processed_events\00382_Cuon_chuot_xuong_mouse.csv
383,Cuon_chuot_xuong,processed_events\00383_Cuon_chuot_xuong_mouse.csv
384,Cuon_chuot_xuong,processed_events\00384_Cuon_chuot_xuong_mouse.csv
385,Cuon_chuot_xuong,processed_events\00385_Cuon_chuot_xuong_mouse.csv
386,Cuon_chuot_xuong,processed_events\00386_Cuon_chuot_xuong_mouse.csv
387,Cuon_chuot_xuong,processed_events\00387_Cuon_chuot_xuong_mouse.csv
388,Cuon_chuot_xuong,processed_events\00388_Cuon_chuot_xuong_mouse.csv
389,Cuon_chuot_xuong,processed_events\00389_Cuon_chuot_xuong_mouse.csv
390,Cuon_chuot_xuong,processed_events\00390_Cuon_chuot_xuong_mouse.csv
391,Cuon_chuot_xuong,processed_events\00391_Cuon_chuot_xuong_mouse.csv
392,Cuon_chuot_xuong,processed_events\00392_Cuon_chuot_xuong_mouse.csv
393,Cuon_chuot_xuong,processed_events\00393_Cuon_chuot_xuong_mouse.csv
394,Cuon_chuot_xuong,processed_events\00394_Cuon_chuot_xuong_mouse.csv
395,Cuon_chuot_xuong,processed_events\00395_Cuon_chuot_xuong_mouse.csv
396,Cuon_chuot_xuong,processed_events\00396_Cuon_chuot_xuong_mouse.csv
397,Cuon_chuot_xuong,processed_events\00397_Cuon_chuot_xuong_mouse.csv
398,Di_chuyen_chuot,processed_events\00398_Di_chuyen_chuot_mouse.csv
399,Nhan_chuot_trai,processed_events\00399_Nhan_chuot_trai_mouse.csv
400,Nha_chuot_trai,processed_events\00400_Nha_chuot_trai_mouse.csv
401,Di_chuyen_chuot,processed_events\00401_Di_chuyen_chuot_mouse.csv
402,Nha_chuot_trai,processed_events\00402_Nha_chuot_trai_mouse.csv
403,Nhan_chuot_trai,processed_events\00403_Nhan_chuot_trai_mouse.csv
404,Nha_chuot_trai,processed_events\00404_Nha_chuot_trai_mouse.csv
405,Nhan_chuot_trai,processed_events\00405_Nhan_chuot_trai_mouse.csv
406,Nhan_chuot_trai,processed_events\00406_Nhan_chuot_trai_mouse.csv
407,Nha_chuot_trai,processed_events\00407_Nha_chuot_trai_mouse.csv
408,Nha_chuot_trai,processed_events\00408_Nha_chuot_trai_mouse.csv
409,Nhan_chuot_trai,processed_events\00409_Nhan_chuot_trai_mouse.csv
410,Nha_chuot_trai,processed_events\00410_Nha_chuot_trai_mouse.csv
411,Nhan_chuot_trai,processed_events\00411_Nhan_chuot_trai_mouse.csv
412,Nhan_chuot_trai,processed_events\00412_Nhan_chuot_trai_mouse.csv
413,Nha_chuot_trai,processed_events\00413_Nha_chuot_trai_mouse.csv
414,Nhan_chuot_trai,processed_events\00414_Nhan_chuot_trai_mouse.csv
415,Nha_chuot_trai,processed_events\00415_Nha_chuot_trai_mouse.csv
416,Nhan_chuot_trai,processed_events\00416_Nhan_chuot_trai_mouse.csv
417,Nha_chuot_trai,processed_events\00417_Nha_chuot_trai_mouse.csv
418,Nhan_phim_C,processed_events\00418_Nhan_phim_C_keyboard.csv
419,Nha_phim_C,processed_events\00419_Nha_phim_C_keyboard.csv
420,Nhan_phim_O,processed_events\00420_Nhan_phim_O_keyboard.csv
421,Nha_phim_O,processed_events\00421_Nha_phim_O_keyboard.csv
422,Nhan_Space,processed_events\00422_Nhan_Space_keyboard.csv
423,Nha_Space,processed_events\00423_Nha_Space_keyboard.csv
424,Nhan_phim_C,processed_events\00424_Nhan_phim_C_keyboard.csv
425,Nha_phim_C,processed_events\00425_Nha_phim_C_keyboard.csv
426,Nhan_phim_O,processed_events\00426_Nhan_phim_O_keyboard.csv
427,Nha_phim_O,processed_events\00427_Nha_phim_O_keyboard.csv
428,Nhan_phim_N,processed_events\00428_Nhan_phim_N_keyboard.csv
429,Nha_phim_N,processed_events\00429_Nha_phim_N_keyboard.csv
430,Nhan_Space,processed_events\00430_Nhan_Space_keyboard.csv
431,Nha_Space,processed_events\00431_Nha_Space_keyboard.csv
432,Nhan_phim_C,processed_events\00432_Nhan_phim_C_keyboard.csv
433,Nhan_phim_A,processed_events\00433_Nhan_phim_A_keyboard.csv
434,Nha_phim_C,processed_events\00434_Nha_phim_C_keyboard.csv
435,Nha_phim_A,processed_events\00435_Nha_phim_A_keyboard.csv
436,Nhan_Space,processed_events\00436_Nhan_Space_keyboard.csv
437,Nha_Space,processed_events\00437_Nha_Space_keyboard.csv
438,Nhan_phim_T,processed_events\00438_Nhan_phim_T_keyboard.csv
439,Nha_phim_T,processed_events\00439_Nha_phim_T_keyboard.csv
440,Nhan_phim_O,processed_events\00440_Nhan_phim_O_keyboard.csv
441,Nha_phim_O,processed_events\00441_Nha_phim_O_keyboard.csv
442,Nhan_Backspace,processed_events\00442_Nhan_Backspace_keyboard.csv
443,Nha_Backspace,processed_events\00443_Nha_Backspace_keyboard.csv
444,Nhan_Backspace,processed_events\00444_Nhan_Backspace_keyboard.csv
445,Nha_Backspace,processed_events\00445_Nha_Backspace_keyboard.csv
446,Nhan_phim_B,processed_events\00446_Nhan_phim_B_keyboard.csv
447,Nha_phim_B,processed_events\00447_Nha_phim_B_keyboard.csv
448,Nhan_phim_E,processed_events\00448_Nhan_phim_E_keyboard.csv
449,Nha_phim_E,processed_events\00449_Nha_phim_E_keyboard.csv
450,Nhan_Enter,processed_events\00450_Nhan_Enter_keyboard.csv
451,Nha_Enter,processed_events\00451_Nha_Enter_keyboard.csv
452,Di_chuyen_chuot,processed_events\00452_Di_chuyen_chuot_mouse.csv
453,Cuon_chuot_xuong,processed_events\00453_Cuon_chuot_xuong_mouse.csv
454,Cuon_chuot_xuong,processed_events\00454_Cuon_chuot_xuong_mouse.csv
455,Cuon_chuot_xuong,processed_events\00455_Cuon_chuot_xuong_mouse.csv
456,Cuon_chuot_xuong,processed_events\00456_Cuon_chuot_xuong_mouse.csv
457,Cuon_chuot_xuong,processed_events\00457_Cuon_chuot_xuong_mouse.csv
458,Cuon_chuot_xuong,processed_events\00458_Cuon_chuot_xuong_mouse.csv
459,Cuon_chuot_xuong,processed_events\00459_Cuon_chuot_xuong_mouse.csv
460,Cuon_chuot_xuong,processed_events\00460_Cuon_chuot_xuong_mouse.csv
461,Cuon_chuot_xuong,processed_events\00461_Cuon_chuot_xuong_mouse.csv
462,Cuon_chuot_xuong,processed_events\00462_Cuon_chuot_xuong_mouse.csv
463,Cuon_chuot_xuong,processed_events\00463_Cuon_chuot_xuong_mouse.csv
464,Cuon_chuot_xuong,processed_events\00464_Cuon_chuot_xuong_mouse.csv
465,Cuon_chuot_xuong,processed_events\00465_Cuon_chuot_xuong_mouse.csv
466,Cuon_chuot_xuong,processed_events\00466_Cuon_chuot_xuong_mouse.csv
467,Cuon_chuot_xuong,processed_events\00467_Cuon_chuot_xuong_mouse.csv
468,Cuon_chuot_xuong,processed_events\00468_Cuon_chuot_xuong_mouse.csv
469,Cuon_chuot_xuong,processed_events\00469_Cuon_chuot_xuong_mouse.csv
470,Cuon_chuot_xuong,processed_events\00470_Cuon_chuot_xuong_mouse.csv
471,Cuon_chuot_xuong,processed_events\00471_Cuon_chuot_xuong_mouse.csv
472,Cuon_chuot_xuong,processed_events\00472_Cuon_chuot_xuong_mouse.csv
473,Cuon_chuot_xuong,processed_events\00473_Cuon_chuot_xuong_mouse.csv
474,Cuon_chuot_xuong,processed_events\00474_Cuon_chuot_xuong_mouse.csv
475,Cuon_chuot_xuong,processed_events\00475_Cuon_chuot_xuong_mouse.csv
476,Cuon_chuot_xuong,processed_events\00476_Cuon_chuot_xuong_mouse.csv
477,Cuon_chuot_xuong,processed_events\00477_Cuon_chuot_xuong_mouse.csv
478,Cuon_chuot_xuong,processed_events\00478_Cuon_chuot_xuong_mouse.csv
479,Cuon_chuot_xuong,processed_events\00479_Cuon_chuot_xuong_mouse.csv
480,Cuon_chuot_xuong,processed_events\00480_Cuon_chuot_xuong_mouse.csv
481,Cuon_chuot_xuong,processed_events\00481_Cuon_chuot_xuong_mouse.csv
482,Cuon_chuot_xuong,processed_events\00482_Cuon_chuot_xuong_mouse.csv
483,Cuon_chuot_xuong,processed_events\00483_Cuon_chuot_xuong_mouse.csv
484,Cuon_chuot_xuong,processed_events\00484_Cuon_chuot_xuong_mouse.csv
485,Cuon_chuot_xuong,processed_events\00485_Cuon_chuot_xuong_mouse.csv
486,Cuon_chuot_xuong,processed_events\00486_Cuon_chuot_xuong_mouse.csv
487,Cuon_chuot_xuong,processed_events\00487_Cuon_chuot_xuong_mouse.csv
488,Cuon_chuot_xuong,processed_events\00488_Cuon_chuot_xuong_mouse.csv
489,Cuon_chuot_xuong,processed_events\00489_Cuon_chuot_xuong_mouse.csv
490,Cuon_chuot_xuong,processed_events\00490_Cuon_chuot_xuong_mouse.csv
491,Cuon_chuot_xuong,processed_events\00491_Cuon_chuot_xuong_mouse.csv
492,Cuon_chuot_xuong,processed_events\00492_Cuon_chuot_xuong_mouse.csv
493,Cuon_chuot_xuong,processed_events\00493_Cuon_chuot_xuong_mouse.csv
494,Cuon_chuot_xuong,processed_events\00494_Cuon_chuot_xuong_mouse.csv
495,Cuon_chuot_xuong,processed_events\00495_Cuon_chuot_xuong_mouse.csv
496,Cuon_chuot_xuong,processed_events\00496_Cuon_chuot_xuong_mouse.csv
497,Cuon_chuot_xuong,processed_events\00497_Cuon_chuot_xuong_mouse.csv
498,Cuon_chuot_xuong,processed_events\00498_Cuon_chuot_xuong_mouse.csv
499,Di_chuyen_chuot,processed_events\00499_Di_chuyen_chuot_mouse.csv
500,Cuon_chuot_xuong,processed_events\00500_Cuon_chuot_xuong_mouse.csv
501,Cuon_chuot_xuong,processed_events\00501_Cuon_chuot_xuong_mouse.csv
502,Cuon_chuot_xuong,processed_events\00502_Cuon_chuot_xuong_mouse.csv
503,Cuon_chuot_xuong,processed_events\00503_Cuon_chuot_xuong_mouse.csv
504,Cuon_chuot_xuong,processed_events\00504_Cuon_chuot_xuong_mouse.csv
505,Cuon_chuot_xuong,processed_events\00505_Cuon_chuot_xuong_mouse.csv
506,Cuon_chuot_xuong,processed_events\00506_Cuon_chuot_xuong_mouse.csv
507,Cuon_chuot_xuong,processed_events\00507_Cuon_chuot_xuong_mouse.csv
508,Cuon_chuot_xuong,processed_events\00508_Cuon_chuot_xuong_mouse.csv
509,Cuon_chuot_xuong,processed_events\00509_Cuon_chuot_xuong_mouse.csv
510,Cuon_chuot_xuong,processed_events\00510_Cuon_chuot_xuong_mouse.csv
511,Cuon_chuot_xuong,processed_events\00511_Cuon_chuot_xuong_mouse.csv
512,Cuon_chuot_xuong,processed_events\00512_Cuon_chuot_xuong_mouse.csv
513,Cuon_chuot_len,processed_events\00513_Cuon_chuot_len_mouse.csv
514,Cuon_chuot_len,processed_events\00514_Cuon_chuot_len_mouse.csv
515,Cuon_chuot_len,processed_events\00515_Cuon_chuot_len_mouse.csv
516,Cuon_chuot_len,processed_events\00516_Cuon_chuot_len_mouse.csv
517,Cuon_chuot_len,processed_events\00517_Cuon_chuot_len_mouse.csv
518,Cuon_chuot_len,processed_events\00518_Cuon_chuot_len_mouse.csv
519,Cuon_chuot_len,processed_events\00519_Cuon_chuot_len_mouse.csv
520,Cuon_chuot_len,processed_events\00520_Cuon_chuot_len_mouse.csv
521,Cuon_chuot_len,processed_events\00521_Cuon_chuot_len_mouse.csv
522,Cuon_chuot_len,processed_events\00522_Cuon_chuot_len_mouse.csv
523,Cuon_chuot_len,processed_events\00523_Cuon_chuot_len_mouse.csv
524,Cuon_chuot_len,processed_events\00524_Cuon_chuot_len_mouse.csv
525,Cuon_chuot_len,processed_events\00525_Cuon_chuot_len_mouse.csv
526,Cuon_chuot_len,processed_events\00526_Cuon_chuot_len_mouse.csv
527,Cuon_chuot_len,processed_events\00527_Cuon_chuot_len_mouse.csv
528,Cuon_chuot_xuong,processed_events\00528_Cuon_chuot_xuong_mouse.csv
529,Cuon_chuot_xuong,processed_events\00529_Cuon_chuot_xuong_mouse.csv
530,Cuon_chuot_xuong,processed_events\00530_Cuon_chuot_xuong_mouse.csv
531,Cuon_chuot_xuong,processed_events\00531_Cuon_chuot_xuong_mouse.csv
532,Cuon_chuot_xuong,processed_events\00532_Cuon_chuot_xuong_mouse.csv
533,Cuon_chuot_xuong,processed_events\00533_Cuon_chuot_xuong_mouse.csv
534,Cuon_chuot_xuong,processed_events\00534_Cuon_chuot_xuong_mouse.csv
535,Cuon_chuot_xuong,processed_events\00535_Cuon_chuot_xuong_mouse.csv
536,Cuon_chuot_xuong,processed_events\00536_Cuon_chuot_xuong_mouse.csv
537,Cuon_chuot_xuong,processed_events\00537_Cuon_chuot_xuong_mouse.csv
538,Cuon_chuot_xuong,processed_events\00538_Cuon_chuot_xuong_mouse.csv
539,Cuon_chuot_xuong,processed_events\00539_Cuon_chuot_xuong_mouse.csv
540,Cuon_chuot_xuong,processed_events\00540_Cuon_chuot_xuong_mouse.csv
541,Cuon_chuot_xuong,processed_events\00541_Cuon_chuot_xuong_mouse.csv
542,Cuon_chuot_xuong,processed_events\00542_Cuon_chuot_xuong_mouse.csv
543,Cuon_chuot_xuong,processed_events\00543_Cuon_chuot_xuong_mouse.csv
544,Cuon_chuot_xuong,processed_events\00544_Cuon_chuot_xuong_mouse.csv
545,Cuon_chuot_xuong,processed_events\00545_Cuon_chuot_xuong_mouse.csv
546,Cuon_chuot_xuong,processed_events\00546_Cuon_chuot_xuong_mouse.csv
547,Cuon_chuot_xuong,processed_events\00547_Cuon_chuot_xuong_mouse.csv
548,Cuon_chuot_xuong,processed_events\00548_Cuon_chuot_xuong_mouse.csv
549,Cuon_chuot_xuong,processed_events\00549_Cuon_chuot_xuong_mouse.csv
550,Cuon_chuot_xuong,processed_events\00550_Cuon_chuot_xuong_mouse.csv
551,Cuon_chuot_xuong,processed_events\00551_Cuon_chuot_xuong_mouse.csv
552,Cuon_chuot_xuong,processed_events\00552_Cuon_chuot_xuong_mouse.csv
553,Cuon_chuot_xuong,processed_events\00553_Cuon_chuot_xuong_mouse.csv
554,Cuon_chuot_xuong,processed_events\00554_Cuon_chuot_xuong_mouse.csv
555,Cuon_chuot_xuong,processed_events\00555_Cuon_chuot_xuong_mouse.csv
556,Cuon_chuot_xuong,processed_events\00556_Cuon_chuot_xuong_mouse.csv
557,Cuon_chuot_xuong,processed_events\00557_Cuon_chuot_xuong_mouse.csv
558,Cuon_chuot_xuong,processed_events\00558_Cuon_chuot_xuong_mouse.csv
559,Cuon_chuot_xuong,processed_events\00559_Cuon_chuot_xuong_mouse.csv
560,Cuon_chuot_xuong,processed_events\00560_Cuon_chuot_xuong_mouse.csv
561,Cuon_chuot_len,processed_events\00561_Cuon_chuot_len_mouse.csv
562,Cuon_chuot_len,processed_events\00562_Cuon_chuot_len_mouse.csv
563,Cuon_chuot_len,processed_events\00563_Cuon_chuot_len_mouse.csv
564,Cuon_chuot_len,processed_events\00564_Cuon_chuot_len_mouse.csv
565,Cuon_chuot_len,processed_events\00565_Cuon_chuot_len_mouse.csv
566,Cuon_chuot_len,processed_events\00566_Cuon_chuot_len_mouse.csv
567,Cuon_chuot_len,processed_events\00567_Cuon_chuot_len_mouse.csv
568,Cuon_chuot_len,processed_events\00568_Cuon_chuot_len_mouse.csv
569,Cuon_chuot_len,processed_events\00569_Cuon_chuot_len_mouse.csv
570,Cuon_chuot_len,processed_events\00570_Cuon_chuot_len_mouse.csv
571,Cuon_chuot_len,processed_events\00571_Cuon_chuot_len_mouse.csv
572,Cuon_chuot_len,processed_events\00572_Cuon_chuot_len_mouse.csv
573,Cuon_chuot_len,processed_events\00573_Cuon_chuot_len_mouse.csv
574,Cuon_chuot_len,processed_events\00574_Cuon_chuot_len_mouse.csv
575,Cuon_chuot_len,processed_events\00575_Cuon_chuot_len_mouse.csv
576,Cuon_chuot_len,processed_events\00576_Cuon_chuot_len_mouse.csv
577,Cuon_chuot_len,processed_events\00577_Cuon_chuot_len_mouse.csv
578,Cuon_chuot_len,processed_events\00578_Cuon_chuot_len_mouse.csv
579,Cuon_chuot_len,processed_events\00579_Cuon_chuot_len_mouse.csv
580,Cuon_chuot_len,processed_events\00580_Cuon_chuot_len_mouse.csv
581,Cuon_chuot_len,processed_events\00581_Cuon_chuot_len_mouse.csv
582,Cuon_chuot_len,processed_events\00582_Cuon_chuot_len_mouse.csv
583,Cuon_chuot_len,processed_events\00583_Cuon_chuot_len_mouse.csv
584,Cuon_chuot_len,processed_events\00584_Cuon_chuot_len_mouse.csv
585,Cuon_chuot_len,processed_events\00585_Cuon_chuot_len_mouse.csv
586,Cuon_chuot_len,processed_events\00586_Cuon_chuot_len_mouse.csv
587,Cuon_chuot_len,processed_events\00587_Cuon_chuot_len_mouse.csv
588,Cuon_chuot_len,processed_events\00588_Cuon_chuot_len_mouse.csv
589,Cuon_chuot_len,processed_events\00589_Cuon_chuot_len_mouse.csv
590,Cuon_chuot_len,processed_events\00590_Cuon_chuot_len_mouse.csv
591,Cuon_chuot_len,processed_events\00591_Cuon_chuot_len_mouse.csv
592,Cuon_chuot_len,processed_events\00592_Cuon_chuot_len_mouse.csv
593,Cuon_chuot_len,processed_events\00593_Cuon_chuot_len_mouse.csv
594,Cuon_chuot_len,processed_events\00594_Cuon_chuot_len_mouse.csv
595,Cuon_chuot_len,processed_events\00595_Cuon_chuot_len_mouse.csv
596,Cuon_chuot_len,processed_events\00596_Cuon_chuot_len_mouse.csv
597,Cuon_chuot_len,processed_events\00597_Cuon_chuot_len_mouse.csv
598,Cuon_chuot_len,processed_events\00598_Cuon_chuot_len_mouse.csv
599,Cuon_chuot_len,processed_events\00599_Cuon_chuot_len_mouse.csv
600,Cuon_chuot_len,processed_events\00600_Cuon_chuot_len_mouse.csv
601,Cuon_chuot_len,processed_events\00601_Cuon_chuot_len_mouse.csv
602,Cuon_chuot_len,processed_events\00602_Cuon_chuot_len_mouse.csv
603,Cuon_chuot_len,processed_events\00603_Cuon_chuot_len_mouse.csv
604,Cuon_chuot_len,processed_events\00604_Cuon_chuot_len_mouse.csv
605,Cuon_chuot_len,processed_events\00605_Cuon_chuot_len_mouse.csv
606,Cuon_chuot_len,processed_events\00606_Cuon_chuot_len_mouse.csv
607,Cuon_chuot_len,processed_events\00607_Cuon_chuot_len_mouse.csv
608,Cuon_chuot_len,processed_events\00608_Cuon_chuot_len_mouse.csv
609,Cuon_chuot_len,processed_events\00609_Cuon_chuot_len_mouse.csv
610,Cuon_chuot_len,processed_events\00610_Cuon_chuot_len_mouse.csv
611,Cuon_chuot_len,processed_events\00611_Cuon_chuot_len_mouse.csv
612,Cuon_chuot_len,processed_events\00612_Cuon_chuot_len_mouse.csv
613,Cuon_chuot_len,processed_events\00613_Cuon_chuot_len_mouse.csv
614,Cuon_chuot_len,processed_events\00614_Cuon_chuot_len_mouse.csv
615,Cuon_chuot_len,processed_events\00615_Cuon_chuot_len_mouse.csv
616,Cuon_chuot_len,processed_events\00616_Cuon_chuot_len_mouse.csv
617,Cuon_chuot_len,processed_events\00617_Cuon_chuot_len_mouse.csv
618,Cuon_chuot_len,processed_events\00618_Cuon_chuot_len_mouse.csv
619,Cuon_chuot_len,processed_events\00619_Cuon_chuot_len_mouse.csv
620,Cuon_chuot_len,processed_events\00620_Cuon_chuot_len_mouse.csv
621,Cuon_chuot_len,processed_events\00621_Cuon_chuot_len_mouse.csv
622,Cuon_chuot_len,processed_events\00622_Cuon_chuot_len_mouse.csv
623,Cuon_chuot_len,processed_events\00623_Cuon_chuot_len_mouse.csv
624,Cuon_chuot_len,processed_events\00624_Cuon_chuot_len_mouse.csv
625,Cuon_chuot_len,processed_events\00625_Cuon_chuot_len_mouse.csv
626,Cuon_chuot_len,processed_events\00626_Cuon_chuot_len_mouse.csv
627,Cuon_chuot_len,processed_events\00627_Cuon_chuot_len_mouse.csv
628,Cuon_chuot_len,processed_events\00628_Cuon_chuot_len_mouse.csv
629,Cuon_chuot_len,processed_events\00629_Cuon_chuot_len_mouse.csv
630,Cuon_chuot_len,processed_events\00630_Cuon_chuot_len_mouse.csv
631,Cuon_chuot_len,processed_events\00631_Cuon_chuot_len_mouse.csv
632,Cuon_chuot_len,processed_events\00632_Cuon_chuot_len_mouse.csv
633,Cuon_chuot_len,processed_events\00633_Cuon_chuot_len_mouse.csv
634,Cuon_chuot_len,processed_events\00634_Cuon_chuot_len_mouse.csv
635,Cuon_chuot_len,processed_events\00635_Cuon_chuot_len_mouse.csv
636,Cuon_chuot_len,processed_events\00636_Cuon_chuot_len_mouse.csv
637,Cuon_chuot_len,processed_events\00637_Cuon_chuot_len_mouse.csv
638,Cuon_chuot_len,processed_events\00638_Cuon_chuot_len_mouse.csv
639,Cuon_chuot_len,processed_events\00639_Cuon_chuot_len_mouse.csv
640,Cuon_chuot_len,processed_events\00640_Cuon_chuot_len_mouse.csv
641,Cuon_chuot_len,processed_events\00641_Cuon_chuot_len_mouse.csv
642,Cuon_chuot_len,processed_events\00642_Cuon_chuot_len_mouse.csv
643,Cuon_chuot_len,processed_events\00643_Cuon_chuot_len_mouse.csv
644,Cuon_chuot_len,processed_events\00644_Cuon_chuot_len_mouse.csv
645,Cuon_chuot_len,processed_events\00645_Cuon_chuot_len_mouse.csv
646,Cuon_chuot_len,processed_events\00646_Cuon_chuot_len_mouse.csv
647,Cuon_chuot_len,processed_events\00647_Cuon_chuot_len_mouse.csv
648,Cuon_chuot_len,processed_events\00648_Cuon_chuot_len_mouse.csv
649,Cuon_chuot_len,processed_events\00649_Cuon_chuot_len_mouse.csv
650,Cuon_chuot_len,processed_events\00650_Cuon_chuot_len_mouse.csv
651,Cuon_chuot_len,processed_events\00651_Cuon_chuot_len_mouse.csv
652,Cuon_chuot_len,processed_events\00652_Cuon_chuot_len_mouse.csv
653,Cuon_chuot_len,processed_events\00653_Cuon_chuot_len_mouse.csv
654,Di_chuyen_chuot,processed_events\00654_Di_chuyen_chuot_mouse.csv
655,Cuon_chuot_len,processed_events\00655_Cuon_chuot_len_mouse.csv
656,Di_chuyen_chuot,processed_events\00656_Di_chuyen_chuot_mouse.csv
657,Cuon_chuot_len,processed_events\00657_Cuon_chuot_len_mouse.csv
658,Cuon_chuot_len,processed_events\00658_Cuon_chuot_len_mouse.csv
659,Cuon_chuot_len,processed_events\00659_Cuon_chuot_len_mouse.csv
660,Cuon_chuot_len,processed_events\00660_Cuon_chuot_len_mouse.csv
661,Cuon_chuot_len,processed_events\00661_Cuon_chuot_len_mouse.csv
662,Cuon_chuot_len,processed_events\00662_Cuon_chuot_len_mouse.csv
663,Cuon_chuot_len,processed_events\00663_Cuon_chuot_len_mouse.csv
664,Cuon_chuot_len,processed_events\00664_Cuon_chuot_len_mouse.csv
665,Cuon_chuot_len,processed_events\00665_Cuon_chuot_len_mouse.csv
666,Cuon_chuot_len,processed_events\00666_Cuon_chuot_len_mouse.csv
667,Cuon_chuot_len,processed_events\00667_Cuon_chuot_len_mouse.csv
668,Cuon_chuot_len,processed_events\00668_Cuon_chuot_len_mouse.csv
669,Cuon_chuot_len,processed_events\00669_Cuon_chuot_len_mouse.csv
670,Cuon_chuot_len,processed_events\00670_Cuon_chuot_len_mouse.csv
671,Cuon_chuot_len,processed_events\00671_Cuon_chuot_len_mouse.csv
672,Cuon_chuot_len,processed_events\00672_Cuon_chuot_len_mouse.csv
673,Cuon_chuot_len,processed_events\00673_Cuon_chuot_len_mouse.csv
674,Cuon_chuot_len,processed_events\00674_Cuon_chuot_len_mouse.csv
675,Cuon_chuot_len,processed_events\00675_Cuon_chuot_len_mouse.csv
676,Cuon_chuot_len,processed_events\00676_Cuon_chuot_len_mouse.csv
677,Cuon_chuot_len,processed_events\00677_Cuon_chuot_len_mouse.csv
678,Cuon_chuot_len,processed_events\00678_Cuon_chuot_len_mouse.csv
679,Cuon_chuot_len,processed_events\00679_Cuon_chuot_len_mouse.csv
680,Cuon_chuot_len,processed_events\00680_Cuon_chuot_len_mouse.csv
681,Cuon_chuot_len,processed_events\00681_Cuon_chuot_len_mouse.csv
682,Cuon_chuot_len,processed_events\00682_Cuon_chuot_len_mouse.csv
683,Cuon_chuot_len,processed_events\00683_Cuon_chuot_len_mouse.csv
684,Cuon_chuot_len,processed_events\00684_Cuon_chuot_len_mouse.csv
685,Cuon_chuot_len,processed_events\00685_Cuon_chuot_len_mouse.csv
686,Cuon_chuot_len,processed_events\00686_Cuon_chuot_len_mouse.csv
687,Cuon_chuot_len,processed_events\00687_Cuon_chuot_len_mouse.csv
688,Cuon_chuot_len,processed_events\00688_Cuon_chuot_len_mouse.csv
689,Cuon_chuot_len,processed_events\00689_Cuon_chuot_len_mouse.csv
690,Cuon_chuot_len,processed_events\00690_Cuon_chuot_len_mouse.csv
691,Cuon_chuot_len,processed_events\00691_Cuon_chuot_len_mouse.csv
692,Cuon_chuot_len,processed_events\00692_Cuon_chuot_len_mouse.csv
693,Cuon_chuot_len,processed_events\00693_Cuon_chuot_len_mouse.csv
694,Cuon_chuot_len,processed_events\00694_Cuon_chuot_len_mouse.csv
695,Cuon_chuot_len,processed_events\00695_Cuon_chuot_len_mouse.csv
696,Cuon_chuot_len,processed_events\00696_Cuon_chuot_len_mouse.csv
697,Cuon_chuot_len,processed_events\00697_Cuon_chuot_len_mouse.csv
698,Cuon_chuot_len,processed_events\00698_Cuon_chuot_len_mouse.csv
699,Cuon_chuot_len,processed_events\00699_Cuon_chuot_len_mouse.csv
700,Cuon_chuot_len,processed_events\00700_Cuon_chuot_len_mouse.csv
701,Cuon_chuot_len,processed_events\00701_Cuon_chuot_len_mouse.csv
702,Cuon_chuot_len,processed_events\00702_Cuon_chuot_len_mouse.csv
703,Cuon_chuot_len,processed_events\00703_Cuon_chuot_len_mouse.csv
704,Cuon_chuot_len,processed_events\00704_Cuon_chuot_len_mouse.csv
705,Cuon_chuot_len,processed_events\00705_Cuon_chuot_len_mouse.csv
706,Cuon_chuot_len,processed_events\00706_Cuon_chuot_len_mouse.csv
707,Cuon_chuot_len,processed_events\00707_Cuon_chuot_len_mouse.csv
708,Cuon_chuot_len,processed_events\00708_Cuon_chuot_len_mouse.csv
709,Cuon_chuot_len,processed_events\00709_Cuon_chuot_len_mouse.csv
710,Cuon_chuot_len,processed_events\00710_Cuon_chuot_len_mouse.csv
711,Cuon_chuot_len,processed_events\00711_Cuon_chuot_len_mouse.csv
712,Cuon_chuot_len,processed_events\00712_Cuon_chuot_len_mouse.csv
713,Cuon_chuot_len,processed_events\00713_Cuon_chuot_len_mouse.csv
714,Cuon_chuot_len,processed_events\00714_Cuon_chuot_len_mouse.csv
715,Cuon_chuot_len,processed_events\00715_Cuon_chuot_len_mouse.csv
716,Cuon_chuot_len,processed_events\00716_Cuon_chuot_len_mouse.csv
717,Cuon_chuot_len,processed_events\00717_Cuon_chuot_len_mouse.csv
718,Cuon_chuot_len,processed_events\00718_Cuon_chuot_len_mouse.csv
719,Cuon_chuot_len,processed_events\00719_Cuon_chuot_len_mouse.csv
720,Cuon_chuot_len,processed_events\00720_Cuon_chuot_len_mouse.csv
721,Cuon_chuot_len,processed_events\00721_Cuon_chuot_len_mouse.csv
722,Cuon_chuot_len,processed_events\00722_Cuon_chuot_len_mouse.csv
723,Cuon_chuot_len,processed_events\00723_Cuon_chuot_len_mouse.csv
724,Cuon_chuot_len,processed_events\00724_Cuon_chuot_len_mouse.csv
725,Cuon_chuot_len,processed_events\00725_Cuon_chuot_len_mouse.csv
726,Cuon_chuot_len,processed_events\00726_Cuon_chuot_len_mouse.csv
727,Cuon_chuot_len,processed_events\00727_Cuon_chuot_len_mouse.csv
728,Cuon_chuot_len,processed_events\00728_Cuon_chuot_len_mouse.csv
729,Cuon_chuot_len,processed_events\00729_Cuon_chuot_len_mouse.csv
730,Cuon_chuot_len,processed_events\00730_Cuon_chuot_len_mouse.csv
731,Cuon_chuot_len,processed_events\00731_Cuon_chuot_len_mouse.csv
732,Cuon_chuot_len,processed_events\00732_Cuon_chuot_len_mouse.csv
733,Cuon_chuot_len,processed_events\00733_Cuon_chuot_len_mouse.csv
734,Cuon_chuot_len,processed_events\00734_Cuon_chuot_len_mouse.csv
735,Cuon_chuot_len,processed_events\00735_Cuon_chuot_len_mouse.csv
736,Cuon_chuot_len,processed_events\00736_Cuon_chuot_len_mouse.csv
737,Cuon_chuot_len,processed_events\00737_Cuon_chuot_len_mouse.csv
738,Cuon_chuot_len,processed_events\00738_Cuon_chuot_len_mouse.csv
739,Cuon_chuot_len,processed_events\00739_Cuon_chuot_len_mouse.csv
740,Cuon_chuot_len,processed_events\00740_Cuon_chuot_len_mouse.csv
741,Cuon_chuot_xuong,processed_events\00741_Cuon_chuot_xuong_mouse.csv
742,Cuon_chuot_xuong,processed_events\00742_Cuon_chuot_xuong_mouse.csv
743,Cuon_chuot_xuong,processed_events\00743_Cuon_chuot_xuong_mouse.csv
744,Cuon_chuot_xuong,processed_events\00744_Cuon_chuot_xuong_mouse.csv
745,Cuon_chuot_xuong,processed_events\00745_Cuon_chuot_xuong_mouse.csv
746,Cuon_chuot_xuong,processed_events\00746_Cuon_chuot_xuong_mouse.csv
747,Cuon_chuot_xuong,processed_events\00747_Cuon_chuot_xuong_mouse.csv
748,Cuon_chuot_xuong,processed_events\00748_Cuon_chuot_xuong_mouse.csv
749,Cuon_chuot_xuong,processed_events\00749_Cuon_chuot_xuong_mouse.csv
750,Cuon_chuot_xuong,processed_events\00750_Cuon_chuot_xuong_mouse.csv
751,Cuon_chuot_xuong,processed_events\00751_Cuon_chuot_xuong_mouse.csv
752,Cuon_chuot_xuong,processed_events\00752_Cuon_chuot_xuong_mouse.csv
753,Cuon_chuot_xuong,processed_events\00753_Cuon_chuot_xuong_mouse.csv
754,Cuon_chuot_xuong,processed_events\00754_Cuon_chuot_xuong_mouse.csv
755,Cuon_chuot_xuong,processed_events\00755_Cuon_chuot_xuong_mouse.csv
756,Cuon_chuot_xuong,processed_events\00756_Cuon_chuot_xuong_mouse.csv
757,Cuon_chuot_xuong,processed_events\00757_Cuon_chuot_xuong_mouse.csv
758,Cuon_chuot_xuong,processed_events\00758_Cuon_chuot_xuong_mouse.csv
759,Cuon_chuot_xuong,processed_events\00759_Cuon_chuot_xuong_mouse.csv
760,Cuon_chuot_xuong,processed_events\00760_Cuon_chuot_xuong_mouse.csv
761,Cuon_chuot_xuong,processed_events\00761_Cuon_chuot_xuong_mouse.csv
762,Cuon_chuot_xuong,processed_events\00762_Cuon_chuot_xuong_mouse.csv
763,Cuon_chuot_xuong,processed_events\00763_Cuon_chuot_xuong_mouse.csv
764,Cuon_chuot_xuong,processed_events\00764_Cuon_chuot_xuong_mouse.csv
765,Cuon_chuot_xuong,processed_events\00765_Cuon_chuot_xuong_mouse.csv
766,Cuon_chuot_xuong,processed_events\00766_Cuon_chuot_xuong_mouse.csv
767,Cuon_chuot_xuong,processed_events\00767_Cuon_chuot_xuong_mouse.csv
768,Cuon_chuot_xuong,processed_events\00768_Cuon_chuot_xuong_mouse.csv
769,Cuon_chuot_xuong,processed_events\00769_Cuon_chuot_xuong_mouse.csv
770,Cuon_chuot_xuong,processed_events\00770_Cuon_chuot_xuong_mouse.csv
771,Cuon_chuot_xuong,processed_events\00771_Cuon_chuot_xuong_mouse.csv
772,Cuon_chuot_xuong,processed_events\00772_Cuon_chuot_xuong_mouse.csv
773,Cuon_chuot_xuong,processed_events\00773_Cuon_chuot_xuong_mouse.csv
774,Cuon_chuot_xuong,processed_events\00774_Cuon_chuot_xuong_mouse.csv
775,Cuon_chuot_xuong,processed_events\00775_Cuon_chuot_xuong_mouse.csv
776,Cuon_chuot_xuong,processed_events\00776_Cuon_chuot_xuong_mouse.csv
777,Cuon_chuot_xuong,processed_events\00777_Cuon_chuot_xuong_mouse.csv
778,Cuon_chuot_xuong,processed_events\00778_Cuon_chuot_xuong_mouse.csv
779,Cuon_chuot_xuong,processed_events\00779_Cuon_chuot_xuong_mouse.csv
780,Cuon_chuot_xuong,processed_events\00780_Cuon_chuot_xuong_mouse.csv
781,Cuon_chuot_xuong,processed_events\00781_Cuon_chuot_xuong_mouse.csv
782,Cuon_chuot_xuong,processed_events\00782_Cuon_chuot_xuong_mouse.csv
783,Cuon_chuot_xuong,processed_events\00783_Cuon_chuot_xuong_mouse.csv
784,Cuon_chuot_xuong,processed_events\00784_Cuon_chuot_xuong_mouse.csv
785,Cuon_chuot_xuong,processed_events\00785_Cuon_chuot_xuong_mouse.csv
786,Cuon_chuot_xuong,processed_events\00786_Cuon_chuot_xuong_mouse.csv
787,Cuon_chuot_xuong,processed_events\00787_Cuon_chuot_xuong_mouse.csv
788,Cuon_chuot_xuong,processed_events\00788_Cuon_chuot_xuong_mouse.csv
789,Cuon_chuot_xuong,processed_events\00789_Cuon_chuot_xuong_mouse.csv
790,Cuon_chuot_xuong,processed_events\00790_Cuon_chuot_xuong_mouse.csv
791,Cuon_chuot_xuong,processed_events\00791_Cuon_chuot_xuong_mouse.csv
792,Cuon_chuot_xuong,processed_events\00792_Cuon_chuot_xuong_mouse.csv
793,Cuon_chuot_xuong,processed_events\00793_Cuon_chuot_xuong_mouse.csv
794,Cuon_chuot_xuong,processed_events\00794_Cuon_chuot_xuong_mouse.csv
795,Cuon_chuot_xuong,processed_events\00795_Cuon_chuot_xuong_mouse.csv
796,Cuon_chuot_xuong,processed_events\00796_Cuon_chuot_xuong_mouse.csv
797,Cuon_chuot_xuong,processed_events\00797_Cuon_chuot_xuong_mouse.csv
798,Cuon_chuot_xuong,processed_events\00798_Cuon_chuot_xuong_mouse.csv
799,Cuon_chuot_xuong,processed_events\00799_Cuon_chuot_xuong_mouse.csv
800,Cuon_chuot_xuong,processed_events\00800_Cuon_chuot_xuong_mouse.csv
801,Cuon_chuot_xuong,processed_events\00801_Cuon_chuot_xuong_mouse.csv
802,Cuon_chuot_xuong,processed_events\00802_Cuon_chuot_xuong_mouse.csv
803,Cuon_chuot_xuong,processed_events\00803_Cuon_chuot_xuong_mouse.csv
804,Cuon_chuot_xuong,processed_events\00804_Cuon_chuot_xuong_mouse.csv
805,Cuon_chuot_xuong,processed_events\00805_Cuon_chuot_xuong_mouse.csv
806,Cuon_chuot_xuong,processed_events\00806_Cuon_chuot_xuong_mouse.csv
807,Cuon_chuot_xuong,processed_events\00807_Cuon_chuot_xuong_mouse.csv
808,Cuon_chuot_xuong,processed_events\00808_Cuon_chuot_xuong_mouse.csv
809,Cuon_chuot_xuong,processed_events\00809_Cuon_chuot_xuong_mouse.csv
810,Cuon_chuot_xuong,processed_events\00810_Cuon_chuot_xuong_mouse.csv
811,Cuon_chuot_xuong,processed_events\00811_Cuon_chuot_xuong_mouse.csv
812,Cuon_chuot_xuong,processed_events\00812_Cuon_chuot_xuong_mouse.csv
813,Cuon_chuot_xuong,processed_events\00813_Cuon_chuot_xuong_mouse.csv
814,Cuon_chuot_xuong,processed_events\00814_Cuon_chuot_xuong_mouse.csv
815,Cuon_chuot_xuong,processed_events\00815_Cuon_chuot_xuong_mouse.csv
816,Cuon_chuot_xuong,processed_events\00816_Cuon_chuot_xuong_mouse.csv
817,Cuon_chuot_xuong,processed_events\00817_Cuon_chuot_xuong_mouse.csv
818,Cuon_chuot_xuong,processed_events\00818_Cuon_chuot_xuong_mouse.csv
819,Cuon_chuot_xuong,processed_events\00819_Cuon_chuot_xuong_mouse.csv
820,Cuon_chuot_xuong,processed_events\00820_Cuon_chuot_xuong_mouse.csv
821,Cuon_chuot_xuong,processed_events\00821_Cuon_chuot_xuong_mouse.csv
822,Cuon_chuot_xuong,processed_events\00822_Cuon_chuot_xuong_mouse.csv
823,Cuon_chuot_xuong,processed_events\00823_Cuon_chuot_xuong_mouse.csv
824,Cuon_chuot_xuong,processed_events\00824_Cuon_chuot_xuong_mouse.csv
825,Cuon_chuot_xuong,processed_events\00825_Cuon_chuot_xuong_mouse.csv
826,Cuon_chuot_xuong,processed_events\00826_Cuon_chuot_xuong_mouse.csv
827,Cuon_chuot_xuong,processed_events\00827_Cuon_chuot_xuong_mouse.csv
828,Cuon_chuot_xuong,processed_events\00828_Cuon_chuot_xuong_mouse.csv
829,Cuon_chuot_xuong,processed_events\00829_Cuon_chuot_xuong_mouse.csv
830,Cuon_chuot_xuong,processed_events\00830_Cuon_chuot_xuong_mouse.csv
831,Cuon_chuot_xuong,processed_events\00831_Cuon_chuot_xuong_mouse.csv
832,Cuon_chuot_xuong,processed_events\00832_Cuon_chuot_xuong_mouse.csv
833,Cuon_chuot_xuong,processed_events\00833_Cuon_chuot_xuong_mouse.csv
834,Cuon_chuot_xuong,processed_events\00834_Cuon_chuot_xuong_mouse.csv
835,Cuon_chuot_xuong,processed_events\00835_Cuon_chuot_xuong_mouse.csv
836,Cuon_chuot_xuong,processed_events\00836_Cuon_chuot_xuong_mouse.csv
837,Cuon_chuot_xuong,processed_events\00837_Cuon_chuot_xuong_mouse.csv
838,Cuon_chuot_xuong,processed_events\00838_Cuon_chuot_xuong_mouse.csv
839,Cuon_chuot_xuong,processed_events\00839_Cuon_chuot_xuong_mouse.csv
840,Cuon_chuot_xuong,processed_events\00840_Cuon_chuot_xuong_mouse.csv
841,Cuon_chuot_xuong,processed_events\00841_Cuon_chuot_xuong_mouse.csv
842,Cuon_chuot_xuong,processed_events\00842_Cuon_chuot_xuong_mouse.csv
843,Cuon_chuot_xuong,processed_events\00843_Cuon_chuot_xuong_mouse.csv
844,Cuon_chuot_xuong,processed_events\00844_Cuon_chuot_xuong_mouse.csv
845,Cuon_chuot_xuong,processed_events\00845_Cuon_chuot_xuong_mouse.csv
846,Cuon_chuot_xuong,processed_events\00846_Cuon_chuot_xuong_mouse.csv
847,Cuon_chuot_xuong,processed_events\00847_Cuon_chuot_xuong_mouse.csv
848,Cuon_chuot_xuong,processed_events\00848_Cuon_chuot_xuong_mouse.csv
849,Cuon_chuot_xuong,processed_events\00849_Cuon_chuot_xuong_mouse.csv
850,Cuon_chuot_xuong,processed_events\00850_Cuon_chuot_xuong_mouse.csv
851,Cuon_chuot_xuong,processed_events\00851_Cuon_chuot_xuong_mouse.csv
852,Cuon_chuot_xuong,processed_events\00852_Cuon_chuot_xuong_mouse.csv
853,Cuon_chuot_xuong,processed_events\00853_Cuon_chuot_xuong_mouse.csv
854,Cuon_chuot_xuong,processed_events\00854_Cuon_chuot_xuong_mouse.csv
855,Cuon_chuot_xuong,processed_events\00855_Cuon_chuot_xuong_mouse.csv
856,Cuon_chuot_xuong,processed_events\00856_Cuon_chuot_xuong_mouse.csv
857,Cuon_chuot_xuong,processed_events\00857_Cuon_chuot_xuong_mouse.csv
858,Cuon_chuot_xuong,processed_events\00858_Cuon_chuot_xuong_mouse.csv
859,Cuon_chuot_xuong,processed_events\00859_Cuon_chuot_xuong_mouse.csv
860,Cuon_chuot_xuong,processed_events\00860_Cuon_chuot_xuong_mouse.csv
861,Cuon_chuot_xuong,processed_events\00861_Cuon_chuot_xuong_mouse.csv
862,Cuon_chuot_xuong,processed_events\00862_Cuon_chuot_xuong_mouse.csv
863,Cuon_chuot_xuong,processed_events\00863_Cuon_chuot_xuong_mouse.csv
864,Cuon_chuot_xuong,processed_events\00864_Cuon_chuot_xuong_mouse.csv
865,Cuon_chuot_xuong,processed_events\00865_Cuon_chuot_xuong_mouse.csv
866,Cuon_chuot_xuong,processed_events\00866_Cuon_chuot_xuong_mouse.csv
867,Cuon_chuot_xuong,processed_events\00867_Cuon_chuot_xuong_mouse.csv
868,Cuon_chuot_xuong,processed_events\00868_Cuon_chuot_xuong_mouse.csv
869,Cuon_chuot_xuong,processed_events\00869_Cuon_chuot_xuong_mouse.csv
870,Cuon_chuot_xuong,processed_events\00870_Cuon_chuot_xuong_mouse.csv
871,Cuon_chuot_xuong,processed_events\00871_Cuon_chuot_xuong_mouse.csv
872,Cuon_chuot_xuong,processed_events\00872_Cuon_chuot_xuong_mouse.csv
873,Cuon_chuot_xuong,processed_events\00873_Cuon_chuot_xuong_mouse.csv
874,Cuon_chuot_xuong,processed_events\00874_Cuon_chuot_xuong_mouse.csv
875,Cuon_chuot_xuong,processed_events\00875_Cuon_chuot_xuong_mouse.csv
876,Cuon_chuot_xuong,processed_events\00876_Cuon_chuot_xuong_mouse.csv
877,Cuon_chuot_xuong,processed_events\00877_Cuon_chuot_xuong_mouse.csv
878,Cuon_chuot_xuong,processed_events\00878_Cuon_chuot_xuong_mouse.csv
879,Cuon_chuot_xuong,processed_events\00879_Cuon_chuot_xuong_mouse.csv
880,Cuon_chuot_xuong,processed_events\00880_Cuon_chuot_xuong_mouse.csv
881,Cuon_chuot_xuong,processed_events\00881_Cuon_chuot_xuong_mouse.csv
882,Cuon_chuot_xuong,processed_events\00882_Cuon_chuot_xuong_mouse.csv
883,Cuon_chuot_xuong,processed_events\00883_Cuon_chuot_xuong_mouse.csv
884,Di_chuyen_chuot,processed_events\00884_Di_chuyen_chuot_mouse.csv
885,Nha_chuot_trai,processed_events\00885_Nha_chuot_trai_mouse.csv
886,Nhan_chuot_trai,processed_events\00886_Nhan_chuot_trai_mouse.csv
887,Di_chuyen_chuot,processed_events\00887_Di_chuyen_chuot_mouse.csv
888,Cuon_chuot_xuong,processed_events\00888_Cuon_chuot_xuong_mouse.csv
889,Cuon_chuot_xuong,processed_events\00889_Cuon_chuot_xuong_mouse.csv
890,Cuon_chuot_xuong,processed_events\00890_Cuon_chuot_xuong_mouse.csv
891,Cuon_chuot_xuong,processed_events\00891_Cuon_chuot_xuong_mouse.csv
892,Cuon_chuot_xuong,processed_events\00892_Cuon_chuot_xuong_mouse.csv
893,Cuon_chuot_xuong,processed_events\00893_Cuon_chuot_xuong_mouse.csv
894,Cuon_chuot_xuong,processed_events\00894_Cuon_chuot_xuong_mouse.csv
895,Cuon_chuot_xuong,processed_events\00895_Cuon_chuot_xuong_mouse.csv
896,Cuon_chuot_xuong,processed_events\00896_Cuon_chuot_xuong_mouse.csv
897,Cuon_chuot_xuong,processed_events\00897_Cuon_chuot_xuong_mouse.csv
898,Cuon_chuot_xuong,processed_events\00898_Cuon_chuot_xuong_mouse.csv
899,Cuon_chuot_xuong,processed_events\00899_Cuon_chuot_xuong_mouse.csv
900,Cuon_chuot_xuong,processed_events\00900_Cuon_chuot_xuong_mouse.csv
901,Cuon_chuot_xuong,processed_events\00901_Cuon_chuot_xuong_mouse.csv
902,Cuon_chuot_xuong,processed_events\00902_Cuon_chuot_xuong_mouse.csv
903,Cuon_chuot_xuong,processed_events\00903_Cuon_chuot_xuong_mouse.csv
904,Cuon_chuot_xuong,processed_events\00904_Cuon_chuot_xuong_mouse.csv
905,Cuon_chuot_xuong,processed_events\00905_Cuon_chuot_xuong_mouse.csv
906,Cuon_chuot_xuong,processed_events\00906_Cuon_chuot_xuong_mouse.csv
907,Cuon_chuot_xuong,processed_events\00907_Cuon_chuot_xuong_mouse.csv
908,Cuon_chuot_xuong,processed_events\00908_Cuon_chuot_xuong_mouse.csv
909,Cuon_chuot_xuong,processed_events\00909_Cuon_chuot_xuong_mouse.csv
910,Cuon_chuot_xuong,processed_events\00910_Cuon_chuot_xuong_mouse.csv
911,Cuon_chuot_xuong,processed_events\00911_Cuon_chuot_xuong_mouse.csv
912,Cuon_chuot_xuong,processed_events\00912_Cuon_chuot_xuong_mouse.csv
913,Cuon_chuot_xuong,processed_events\00913_Cuon_chuot_xuong_mouse.csv
914,Cuon_chuot_xuong,processed_events\00914_Cuon_chuot_xuong_mouse.csv
915,Cuon_chuot_xuong,processed_events\00915_Cuon_chuot_xuong_mouse.csv
916,Di_chuyen_chuot,processed_events\00916_Di_chuyen_chuot_mouse.csv
917,Cuon_chuot_xuong,processed_events\00917_Cuon_chuot_xuong_mouse.csv
918,Cuon_chuot_xuong,processed_events\00918_Cuon_chuot_xuong_mouse.csv
919,Cuon_chuot_xuong,processed_events\00919_Cuon_chuot_xuong_mouse.csv
920,Cuon_chuot_xuong,processed_events\00920_Cuon_chuot_xuong_mouse.csv
921,Cuon_chuot_xuong,processed_events\00921_Cuon_chuot_xuong_mouse.csv
922,Cuon_chuot_xuong,processed_events\00922_Cuon_chuot_xuong_mouse.csv
923,Cuon_chuot_xuong,processed_events\00923_Cuon_chuot_xuong_mouse.csv
924,Cuon_chuot_xuong,processed_events\00924_Cuon_chuot_xuong_mouse.csv
925,Cuon_chuot_xuong,processed_events\00925_Cuon_chuot_xuong_mouse.csv
926,Cuon_chuot_xuong,processed_events\00926_Cuon_chuot_xuong_mouse.csv
927,Cuon_chuot_xuong,processed_events\00927_Cuon_chuot_xuong_mouse.csv
928,Cuon_chuot_xuong,processed_events\00928_Cuon_chuot_xuong_mouse.csv
929,Cuon_chuot_xuong,processed_events\00929_Cuon_chuot_xuong_mouse.csv
930,Cuon_chuot_xuong,processed_events\00930_Cuon_chuot_xuong_mouse.csv
931,Cuon_chuot_xuong,processed_events\00931_Cuon_chuot_xuong_mouse.csv
932,Cuon_chuot_xuong,processed_events\00932_Cuon_chuot_xuong_mouse.csv
933,Cuon_chuot_xuong,processed_events\00933_Cuon_chuot_xuong_mouse.csv
934,Cuon_chuot_xuong,processed_events\00934_Cuon_chuot_xuong_mouse.csv
935,Cuon_chuot_xuong,processed_events\00935_Cuon_chuot_xuong_mouse.csv
936,Cuon_chuot_xuong,processed_events\00936_Cuon_chuot_xuong_mouse.csv
937,Di_chuyen_chuot,processed_events\00937_Di_chuyen_chuot_mouse.csv
938,Cuon_chuot_xuong,processed_events\00938_Cuon_chuot_xuong_mouse.csv
939,Cuon_chuot_xuong,processed_events\00939_Cuon_chuot_xuong_mouse.csv
940,Cuon_chuot_xuong,processed_events\00940_Cuon_chuot_xuong_mouse.csv
941,Cuon_chuot_xuong,processed_events\00941_Cuon_chuot_xuong_mouse.csv
942,Cuon_chuot_xuong,processed_events\00942_Cuon_chuot_xuong_mouse.csv
943,Cuon_chuot_xuong,processed_events\00943_Cuon_chuot_xuong_mouse.csv
944,Cuon_chuot_xuong,processed_events\00944_Cuon_chuot_xuong_mouse.csv
945,Cuon_chuot_xuong,processed_events\00945_Cuon_chuot_xuong_mouse.csv
946,Cuon_chuot_xuong,processed_events\00946_Cuon_chuot_xuong_mouse.csv
947,Cuon_chuot_xuong,processed_events\00947_Cuon_chuot_xuong_mouse.csv
948,Cuon_chuot_xuong,processed_events\00948_Cuon_chuot_xuong_mouse.csv
949,Cuon_chuot_xuong,processed_events\00949_Cuon_chuot_xuong_mouse.csv
950,Cuon_chuot_xuong,processed_events\00950_Cuon_chuot_xuong_mouse.csv
951,Cuon_chuot_xuong,processed_events\00951_Cuon_chuot_xuong_mouse.csv
952,Cuon_chuot_xuong,processed_events\00952_Cuon_chuot_xuong_mouse.csv
953,Di_chuyen_chuot,processed_events\00953_Di_chuyen_chuot_mouse.csv
954,Cuon_chuot_xuong,processed_events\00954_Cuon_chuot_xuong_mouse.csv
955,Cuon_chuot_xuong,processed_events\00955_Cuon_chuot_xuong_mouse.csv
956,Cuon_chuot_xuong,processed_events\00956_Cuon_chuot_xuong_mouse.csv
957,Cuon_chuot_xuong,processed_events\00957_Cuon_chuot_xuong_mouse.csv
958,Cuon_chuot_xuong,processed_events\00958_Cuon_chuot_xuong_mouse.csv
959,Cuon_chuot_xuong,processed_events\00959_Cuon_chuot_xuong_mouse.csv
960,Cuon_chuot_xuong,processed_events\00960_Cuon_chuot_xuong_mouse.csv
961,Cuon_chuot_xuong,processed_events\00961_Cuon_chuot_xuong_mouse.csv
962,Cuon_chuot_xuong,processed_events\00962_Cuon_chuot_xuong_mouse.csv
963,Cuon_chuot_xuong,processed_events\00963_Cuon_chuot_xuong_mouse.csv
964,Cuon_chuot_xuong,processed_events\00964_Cuon_chuot_xuong_mouse.csv
965,Cuon_chuot_xuong,processed_events\00965_Cuon_chuot_xuong_mouse.csv
966,Cuon_chuot_xuong,processed_events\00966_Cuon_chuot_xuong_mouse.csv
967,Cuon_chuot_xuong,processed_events\00967_Cuon_chuot_xuong_mouse.csv
968,Cuon_chuot_xuong,processed_events\00968_Cuon_chuot_xuong_mouse.csv
969,Cuon_chuot_xuong,processed_events\00969_Cuon_chuot_xuong_mouse.csv
970,Cuon_chuot_xuong,processed_events\00970_Cuon_chuot_xuong_mouse.csv
971,Cuon_chuot_xuong,processed_events\00971_Cuon_chuot_xuong_mouse.csv
972,Cuon_chuot_xuong,processed_events\00972_Cuon_chuot_xuong_mouse.csv
973,Cuon_chuot_xuong,processed_events\00973_Cuon_chuot_xuong_mouse.csv
974,Cuon_chuot_xuong,processed_events\00974_Cuon_chuot_xuong_mouse.csv
975,Cuon_chuot_xuong,processed_events\00975_Cuon_chuot_xuong_mouse.csv
976,Cuon_chuot_xuong,processed_events\00976_Cuon_chuot_xuong_mouse.csv
977,Cuon_chuot_xuong,processed_events\00977_Cuon_chuot_xuong_mouse.csv
978,Cuon_chuot_xuong,processed_events\00978_Cuon_chuot_xuong_mouse.csv
979,Cuon_chuot_xuong,processed_events\00979_Cuon_chuot_xuong_mouse.csv
980,Cuon_chuot_xuong,processed_events\00980_Cuon_chuot_xuong_mouse.csv
981,Cuon_chuot_xuong,processed_events\00981_Cuon_chuot_xuong_mouse.csv
982,Cuon_chuot_xuong,processed_events\00982_Cuon_chuot_xuong_mouse.csv
983,Cuon_chuot_xuong,processed_events\00983_Cuon_chuot_xuong_mouse.csv
984,Cuon_chuot_xuong,processed_events\00984_Cuon_chuot_xuong_mouse.csv
985,Cuon_chuot_xuong,processed_events\00985_Cuon_chuot_xuong_mouse.csv
986,Cuon_chuot_xuong,processed_events\00986_Cuon_chuot_xuong_mouse.csv
987,Cuon_chuot_xuong,processed_events\00987_Cuon_chuot_xuong_mouse.csv
988,Cuon_chuot_xuong,processed_events\00988_Cuon_chuot_xuong_mouse.csv
989,Cuon_chuot_xuong,processed_events\00989_Cuon_chuot_xuong_mouse.csv
990,Cuon_chuot_xuong,processed_events\00990_Cuon_chuot_xuong_mouse.csv
991,Cuon_chuot_xuong,processed_events\00991_Cuon_chuot_xuong_mouse.csv
992,Cuon_chuot_xuong,processed_events\00992_Cuon_chuot_xuong_mouse.csv
993,Cuon_chuot_xuong,processed_events\00993_Cuon_chuot_xuong_mouse.csv
994,Cuon_chuot_xuong,processed_events\00994_Cuon_chuot_xuong_mouse.csv
995,Cuon_chuot_xuong,processed_events\00995_Cuon_chuot_xuong_mouse.csv
996,Cuon_chuot_xuong,processed_events\00996_Cuon_chuot_xuong_mouse.csv
997,Cuon_chuot_xuong,processed_events\00997_Cuon_chuot_xuong_mouse.csv
998,Cuon_chuot_xuong,processed_events\00998_Cuon_chuot_xuong_mouse.csv
999,Cuon_chuot_xuong,processed_events\00999_Cuon_chuot_xuong_mouse.csv
1000,Cuon_chuot_xuong,processed_events\01000_Cuon_chuot_xuong_mouse.csv
1001,Cuon_chuot_xuong,processed_events\01001_Cuon_chuot_xuong_mouse.csv
1002,Cuon_chuot_xuong,processed_events\01002_Cuon_chuot_xuong_mouse.csv
1003,Cuon_chuot_xuong,processed_events\01003_Cuon_chuot_xuong_mouse.csv
1004,Cuon_chuot_xuong,processed_events\01004_Cuon_chuot_xuong_mouse.csv
1005,Cuon_chuot_xuong,processed_events\01005_Cuon_chuot_xuong_mouse.csv
1006,Cuon_chuot_xuong,processed_events\01006_Cuon_chuot_xuong_mouse.csv
1007,Cuon_chuot_xuong,processed_events\01007_Cuon_chuot_xuong_mouse.csv
1008,Cuon_chuot_xuong,processed_events\01008_Cuon_chuot_xuong_mouse.csv
1009,Cuon_chuot_xuong,processed_events\01009_Cuon_chuot_xuong_mouse.csv
1010,Di_chuyen_chuot,processed_events\01010_Di_chuyen_chuot_mouse.csv
1011,Cuon_chuot_xuong,processed_events\01011_Cuon_chuot_xuong_mouse.csv
1012,Di_chuyen_chuot,processed_events\01012_Di_chuyen_chuot_mouse.csv
